Ticker,Sector,Industry,Market Cap,PE Ratio,Beta,Dividend Yield,Revenue,Net Income
LIN,Basic Materials,Specialty Chemicals,221637279744,35.316387,0.949,0.012,33024999424,6383000064
AZN,Healthcare,Drug Manufacturers - General,205815775232,31.402914,0.18,0.0233,49132998656,6440000000
CCL,Consumer Cyclical,Travel Services,31775008768,20.239317,2.668,N/A,24479000576,1564999936
SSE,N/A,N/A,N/A,N/A,N/A,N/A,N/A,N/A
MMM,Industrials,Conglomerates,72464465920,13.832642,1.001,0.0209,32637999104,5321999872
AXP,Financial Services,Credit Services,202048913408,21.120766,1.214,0.0095,59238998016,9760000000
AAPL,Technology,Consumer Electronics,3438542061568,37.414474,1.24,0.0045,391034994688,93736001536
BA,Industrials,Aerospace & Defense,112869023744,N/A,1.572,N/A,73292996608,-7975000064
CAT,Industrials,Farm & Heavy Construction Machinery,197940199424,18.94246,1.095,0.0135,65664000000,10677000192
CVX,Energy,Oil & Gas Integrated,279520935936,17.227472,1.078,0.041300002,191829000192,16680999936
CSCO,Technology,Communication Equipment,231508049920,22.866142,0.819,0.0277,53802999808,10320000000
KO,Consumer Defensive,Beverages - Non-Alcoholic,274234556416,26.414936,0.62,0.0305,46365999104,10408999936
DOW,Basic Materials,Chemicals,34234501120,32.600002,1.222,0.0579,43179999232,1052000000
XOM,Energy,Oil & Gas Integrated,532465156096,15.087173,0.88,0.0327,343818010624,33699999744
GS,Financial Services,Capital Markets,182748987392,17.047436,1.342,0.0201,49386999808,11418999808
HD,Consumer Cyclical,Home Improvement Retail,396760940544,26.862139,1.011,0.0232,152089001984,14771999744
IBM,Technology,Information Technology Services,197587386368,31.150145,0.71,0.0313,62579998720,6373000192
INTC,Technology,Semiconductors,113129988096,N/A,1.026,0.0224,54246998016,-15960999936
JNJ,Healthcare,Drug Manufacturers - General,377346293760,25.905783,0.518,0.031400003,87695998976,14766999552
JPM,Financial Services,Banks - Diversified,665490096128,13.139523,1.091,0.0202,162148007936,52069998592
MCD,Consumer Cyclical,Restaurants,211372277760,25.892794,0.735,0.0241,25938700288,8245799936
NKE,Consumer Cyclical,Footwear & Accessories,113006911488,21.753582,1.035,0.0196,50012000256,5301000192
MRK,Healthcare,Drug Manufacturers - General,256446742528,21.16527,0.411,0.0306,63174000640,12147999744
MSFT,Technology,Software - Infrastructure,3163020853248,35.159504,0.904,0.007900001,254189993984,90511998976
PFE,Healthcare,Drug Manufacturers - General,155615543296,36.61333,0.615,0.0614,59375001600,4273999872
PG,Consumer Defensive,Household & Personal Products,384837091328,28.174137,0.414,0.025,83905003520,14030999552
TRV,Financial Services,Insurance - Property & Casualty,57272356864,12.950719,0.63,0.0165,45341999104,4509000192
UNH,Healthcare,Healthcare Plans,557185957888,39.34048,0.591,0.014099999,393898000384,14316999680
VZ,Communication Services,Telecom Services,170784686080,17.56277,0.418,0.065799996,134237003776,9795999744
V,Financial Services,Credit Services,593768742912,31.396303,0.952,0.0077,35925999616,19743000576
WMT,Consumer Defensive,Discount Stores,674007220224,43.671875,0.516,0.0099,665035014144,15552000000
WBA,Healthcare,Pharmaceutical Retailers,8015000064,N/A,0.669,0.1083,147657998336,-8636000256
DIS,Communication Services,Entertainment,179418464256,37.904217,1.398,0.0091,90027999232,4776000000
ATVI,N/A,N/A,N/A,N/A,N/A,N/A,N/A,N/A
ADBE,Technology,Software - Infrastructure,220504997888,42.4149,1.299,N/A,20946999296,5360000000
AKAM,Technology,Software - Infrastructure,15819314176,25.905706,0.678,N/A,3927051008,628812992
GOOGL,Communication Services,Internet Content & Information,2222881505280,23.972149,1.034,0.0045,339859013632,94268997632
AMZN,Consumer Cyclical,Internet Retail,2208675921920,44.88248,1.146,N/A,620127977472,49868001280
AAL,Industrials,Airlines,8950124544,32.428574,1.399,N/A,53612998656,275000000
AMGN,Healthcare,Drug Manufacturers - General,173037240320,41.164963,0.599,0.027999999,32533999616,4230000128
ADI,Technology,Semiconductors,113086210048,68.3994,1.078,0.0163,9700435968,1655630976
AMAT,Technology,Semiconductor Equipment & Materials,160008568832,21.78339,1.551,0.0085,26854000640,7449999872
ADSK,Technology,Software - Application,65840152576,62.733063,1.474,N/A,5805000192,1057000000
ADP,Technology,Software - Application,124213264384,32.534687,0.795,0.0202,19522899968,3848900096
BIDU,Communication Services,Internet Content & Information,32832327680,12.098966,0.505,N/A,134841999360,19498999808
BIIB,Healthcare,Drug Manufacturers - General,25343449088,15.725135,-0.061,N/A,9607499776,1615200000
CHTR,Communication Services,Telecom Services,55888715776,12.3171425,1.036,N/A,54869999616,4674999808
CTSH,Technology,Information Technology Services,40340242432,18.0,1.052,0.0150999995,19412000768,2252000000
CMCSA,Communication Services,Telecom Services,169094791168,11.911051,1.004,0.0275,123069997056,14675000320
COST,Consumer Defensive,Discount Stores,404938588160,55.22236,0.789,0.0052,254453006336,7367000064
CSX,Industrials,Railroads,68574617600,18.914894,1.191,0.012999999,14680999936,3665999872
XRAY,Healthcare,Medical Instruments & Supplies,3498843648,N/A,1.027,0.026700001,3896000000,-185000000
DISH,N/A,N/A,N/A,N/A,N/A,N/A,N/A,N/A
DLTR,Consumer Defensive,Discount Stores,13660592128,N/A,0.874,N/A,30966300672,-1065299968
EBAY,Consumer Cyclical,Internet Retail,29707579392,15.622167,1.337,0.0177,10266000384,2028999936
EA,Communication Services,Electronic Gaming & Multimedia,41963679744,41.02564,0.781,0.0047999998,7408999936,1046000000
EXPE,Consumer Cyclical,Travel Services,22668070912,31.374775,1.785,N/A,13262999552,808000000
FAST,Industrials,Industrial Distribution,47606829056,41.343285,0.979,0.0187,7480099840,1154899968
FISV,N/A,N/A,N/A,N/A,N/A,N/A,N/A,N/A
GILD,Healthcare,Drug Manufacturers - General,121884516352,1087.7777,N/A,0.0336,28298999808,126000000
HSIC,Healthcare,Medical Distribution,8656602112,28.454918,0.867,N/A,12499000320,314000000
ILMN,Healthcare,Diagnostics & Research,24606789632,N/A,1.131,N/A,4390000128,-1584999936
INCY,Healthcare,Biotechnology,15862800384,914.8888,0.71,N/A,4075859968,32482000
INTU,Technology,Software - Application,188958851072,64.57376,1.246,0.0064,16284999680,2963000064
ISRG,Healthcare,Medical Instruments & Supplies,186737541120,84.1541,1.389,N/A,7866899968,2243099904
JD,Consumer Cyclical,Internet Retail,63817854976,14.777778,0.417,0.0197,1105220993024,31099000832
KHC,Consumer Defensive,Packaged Foods,39684960256,29.567568,0.475,0.0479,26129999872,1370000000
LRCX,Technology,Semiconductor Equipment & Materials,101918720000,25.634304,1.486,0.012,15591300096,4056817920
MAR,Consumer Cyclical,Lodging,77165322240,29.046022,1.585,0.0091,6569999872,2768000000
MCHP,Technology,Semiconductors,39921319936,51.624996,1.526,0.0247,5496600064,781600000
MU,Technology,Semiconductors,125742202880,162.0143,1.179,0.0041,25110999040,778000000
MDLZ,Consumer Defensive,Confectioners,87880130560,23.304966,0.561,0.028299998,36151001088,3816000000
MNST,Consumer Defensive,Beverages - Non-Alcoholic,53606940672,34.20625,0.742,N/A,7385830912,1687090944
NTAP,Technology,Computer Hardware,25153497088,24.037182,1.225,0.0172,6376999936,1084999936
NTES,Communication Services,Electronic Gaming & Multimedia,52307136512,13.006412,0.802,0.0313,106748116992,28811845632
NFLX,Communication Services,Entertainment,340487372800,45.00226,1.25,N/A,37587279872,7780861952
NVDA,Technology,Semiconductors,3652026630144,69.89671,1.657,0.00029999999,96307003392,53007998976
NXPI,Technology,Semiconductors,60011315200,22.573614,1.494,0.0175,12924999680,2712000000
ORLY,Consumer Cyclical,Specialty Retail,70245924864,30.091923,0.92,N/A,16444893184,2388054016
PCAR,Industrials,Farm & Heavy Construction Machinery,59099209728,12.608501,0.89,0.010299999,34832900096,4707299840
PAYX,Technology,Software - Application,52744847360,31.181915,0.987,0.026400002,5310799872,1698599936
PYPL,Financial Services,Credit Services,81556627456,19.461723,1.436,N/A,31456999424,4428000256
QCOM,Technology,Semiconductors,192621740032,22.111254,N/A,0.0191,38961999872,10110000128
REGN,Healthcare,Biotechnology,90602102784,20.397823,0.142,N/A,13847100416,4654499840
ROST,Consumer Cyclical,Apparel Retail,47123468288,22.946688,1.1,0.0106,21092935680,2072147968
STX,Technology,Computer Hardware,22233917440,27.160208,1.07,0.027999999,7264999936,824000000
SIRI,Communication Services,Entertainment,8859956224,N/A,1.05,0.041199997,8798999552,-1308000000
SWKS,Technology,Semiconductors,14561307648,18.836777,1.205,0.0309,4371800064,780300032
SBUX,Consumer Cyclical,Restaurants,108952027136,29.039276,0.962,0.0254,36176199680,3760900096
TMUS,Communication Services,Telecom Services,268641828864,26.395666,0.496,0.0152,80005996544,10371999744
TSLA,Consumer Cyclical,Auto Manufacturers,953098960896,81.12295,2.295,N/A,97150001152,12743000064
TXN,Technology,Semiconductors,198443679744,40.43494,0.98,0.0253,15710999552,4940000256
TSCO,Consumer Cyclical,Specialty Retail,31205423104,28.113703,0.814,0.0152,14769541120,1112737024
ULTA,Consumer Cyclical,Specialty Retail,18528327680,15.79992,1.326,N/A,11321165824,1209521024
VRSK,Industrials,Consulting Services,39587094528,43.262344,0.862,0.0056,2823300096,930300032
VRTX,Healthcare,Biotechnology,129395441664,N/A,0.394,N/A,10625800192,-479800000
WDC,Technology,Computer Hardware,24351672320,77.40659,1.394,N/A,14348000256,329000000
ABT,Healthcare,Medical Devices,199983251456,35.045593,0.722,0.0188,41216999424,5744000000
ABBV,Healthcare,Drug Manufacturers - General,354329231360,69.62152,0.613,0.0326,55532998656,5080999936
ACN,Technology,Information Technology Services,225391804416,31.558178,1.245,0.0166,64896462848,7264786944
ALL,Financial Services,Insurance - Property & Casualty,50458214400,12.325356,0.481,0.0195,62432002048,4111000064
MO,Consumer Defensive,Tobacco,90740129792,9.043919,0.67,0.0752,20362000384,10259999744
AIG,Financial Services,Insurance - Diversified,48274677760,14.588571,1.069,0.0208,45293998080,3814000128
T,Communication Services,Telecom Services,158143397888,17.9187,0.73,0.0497,122059997184,8849999872
BAC,Financial Services,Banks - Diversified,343514841088,16.221014,1.325,0.0229,94625996800,21941999616
BK,Financial Services,Banks - Diversified,56486690816,17.380314,1.06,0.024,17801000960,3352000000
BRK-B,Financial Services,Insurance - Diversified,992040321024,9.301192,0.871,N/A,369893015552,106875002880
BLK,Financial Services,Asset Management,153469501440,25.727839,1.311,0.0198,19360999424,6073999872
BKNG,Consumer Cyclical,Travel Services,162864562176,33.24463,1.385,0.0069999998,23051999232,5036000256
BMY,Healthcare,Drug Manufacturers - General,110961721344,N/A,0.441,0.0434,47435001856,-7257999872
COF,Financial Services,Credit Services,70510682112,17.435848,1.432,0.0126,26496999424,4062000128
C,Financial Services,Banks - Diversified,128816439296,19.404558,1.426,0.031600002,69307998208,6700000256
CL,Consumer Defensive,Household & Personal Products,74160087040,26.083332,0.415,0.0222,20106000384,2868000000
COP,Energy,Oil & Gas E&P,129362280448,13.333333,1.22,0.0275,56924000256,9916000256
CVS,Healthcare,Healthcare Plans,71817453568,14.484772,N/A,0.0432,368643997696,5016000000
DHR,Healthcare,Diagnostics & Research,177751883776,46.43396,0.881,0.0044,23741999104,3934000128
DUK,Utilities,Utilities - Regulated Electric,85776195584,19.020548,0.457,0.0368,29590999040,4487000064
LLY,Healthcare,Drug Manufacturers - General,757032026112,85.56331,0.43,0.0067000003,40863301632,8369900032
EMR,Industrials,Specialty Industrial Machinery,72752685056,45.10284,1.292,0.0166,16963000320,1710000000
EXC,Utilities,Utilities - Regulated Electric,38273974272,15.674897,0.61,0.0397,22923999232,2430000128
FDX,Industrials,Integrated Freight & Logistics,69194719232,17.492895,1.177,0.0197,87591002112,4040999936
F,Consumer Cyclical,Auto Manufacturers,43558215680,12.454546,1.636,0.053600002,182743007232,3528999936
GE,Industrials,Aerospace & Defense,193567588352,35.34585,1.188,0.0062,69953003520,5500000256
GM,Consumer Cyclical,Auto Manufacturers,60906844160,5.9114194,1.414,0.0087,182719004672,10988999680
HON,Industrials,Conglomerates,141428719616,25.115475,1.025,0.0209,37850001408,5682999808
KMI,Energy,Oil & Gas Midstream,58673508352,23.371681,0.907,0.0436,15150999552,2526000128
LOW,Consumer Cyclical,Home Improvement Retail,151070392320,21.971947,1.098,0.0176,84023001088,6912999936
MA,Financial Services,Credit Services,475326316544,39.114803,1.101,0.0050999997,27225999360,12323000320
MDT,Healthcare,Medical Devices,113022713856,29.670034,0.853,0.0311,32576999424,3927000064
MET,Financial Services,Insurance - Life,56099864576,16.434076,1.039,0.026199998,71343996928,3560999936
MS,Financial Services,Capital Markets,206921973760,19.549467,1.336,0.028099999,58282000384,10618999808
NEE,Utilities,Utilities - Regulated Electric,153448579072,22.142435,0.561,0.0276,26246000640,6952999936
OXY,Energy,Oil & Gas E&P,47890362368,13.266839,1.608,0.0171,27121999872,3689999872
ORCL,Technology,Software - Infrastructure,516442423296,48.0335,1.013,0.0088,53815001088,10976000000
PM,Consumer Defensive,Tobacco,192456851456,19.647617,0.56,0.0431,37219000320,9804999680
RTN,N/A,N/A,N/A,N/A,N/A,N/A,N/A,N/A
SLB,Energy,Oil & Gas Equipment & Services,61061369856,13.903538,1.532,0.0251,35995000832,4478000128
SPG,Real Estate,REIT - Retail,65989378048,23.37101,1.768,0.0484,5908359168,2447808000
SO,Utilities,Utilities - Regulated Electric,95247466496,20.263403,0.509,0.032899998,26428000256,4721999872
TGT,Consumer Defensive,Discount Stores,69520465920,15.589876,1.242,0.0304,107300003840,4487000064
UNP,Industrials,Railroads,147053707264,22.294117,1.056,0.0216,24288000000,6637000192
UPS,Industrials,Integrated Freight & Logistics,114909929472,20.264349,0.982,0.048699997,90685997056,5665999872
USB,Financial Services,Banks - Regional,77315088384,15.249231,1.04,0.039,24896999424,5094000128
WFC,Financial Services,Banks - Diversified,232464990208,14.515593,1.136,0.0221,77875003392,16965000192
ABMD,N/A,N/A,N/A,N/A,N/A,N/A,N/A,N/A
AAP,Consumer Cyclical,Specialty Retail,2326104064,N/A,1.194,0.0257,11273254912,-12162000
AMD,Technology,Semiconductors,243129401344,132.58408,1.706,N/A,24295000064,1826000000
AES,Utilities,Utilities - Diversified,9705518080,9.479166,1.09,0.048600003,12284000256,1025000000
AFL,Financial Services,Insurance - Life,59685928960,15.964339,0.958,0.0184,17301999616,3808999936
A,Healthcare,Diagnostics & Research,40119611392,29.029108,1.072,0.0069,6496999936,1412999936
APD,Basic Materials,Specialty Chemicals,69544263680,27.20174,0.826,0.0231,12104399872,2563500032
ALK,Industrials,Airlines,6431164928,20.314741,1.593,N/A,10753999872,322000000
ALB,Basic Materials,Specialty Chemicals,11745073152,N/A,N/A,0.0168,6501978112,-1967380992
ARE,Real Estate,REIT - Office,19873935360,69.34146,1.176,0.046,3085452032,282550016
ALGN,Healthcare,Medical Instruments & Supplies,16586426368,37.850086,1.65,N/A,3960518912,441568992
ALLE,Industrials,Security & Protection Services,12405680128,21.955385,1.123,0.0136,3724000000,572000000
AEE,Utilities,Utilities - Regulated Electric,23093012480,20.364706,0.462,0.0305,6946999808,1170000000
AEP,Utilities,Utilities - Regulated Electric,51301986304,19.421371,N/A,0.038599998,19602200576,2639200000
AMT,Real Estate,REIT - Specialty,92462473216,47.679516,0.842,0.0328,11167699968,1942700032
AWK,Utilities,Utilities - Regulated Water,25889718272,26.357141,0.698,0.0229,4514999808,983000000
AMP,Financial Services,Asset Management,53126164480,20.933104,1.334,0.0104,17444999168,2707000064
ABC,N/A,N/A,N/A,N/A,N/A,N/A,N/A,N/A
AME,Industrials,Specialty Industrial Machinery,43705647104,32.86087,1.163,0.0058999998,6910462976,1331730944
APH,Technology,Electronic Components,89154854912,42.25714,1.238,0.0091,14232399872,2192199936
ANSS,Technology,Software - Application,31072925696,62.71252,N/A,N/A,2467742976,567766016
AOS,Industrials,Specialty Industrial Machinery,11023970304,20.060686,1.169,0.0178,3893799936,561200000
AON,Financial Services,Insurance Brokers,82152964096,32.550983,0.909,0.0070999996,14926000128,2436000000
APA,Energy,Oil & Gas E&P,8112016384,2.3733766,3.246,0.0404,8908000256,2904999936
APTV,Consumer Cyclical,Auto Parts,13077402624,6.1959915,1.817,N/A,19725000704,2424000000
ADM,Consumer Defensive,Farm Products,25097674752,10.456176,0.722,0.0376,88768004096,2600999936
ANET,Technology,Computer Hardware,135406215168,55.976624,1.077,N/A,6311667200,2462083072
AJG,Financial Services,Insurance Brokers,63762227200,55.556404,0.727,0.0083,10667700224,1172199936
AIZ,Financial Services,Insurance - Property & Casualty,10661132288,14.7133665,0.568,0.0139999995,11755799552,741400000
ATO,Utilities,Utilities - Regulated Gas,21956155392,20.923077,0.672,0.0232,4094885120,1026852992
AZO,Consumer Cyclical,Specialty Retail,53251588096,21.058762,0.713,N/A,18490267648,2662426880
AVB,Real Estate,REIT - Residential,32435722240,31.195621,0.985,0.030199999,2926010880,1040208000
AVY,Consumer Cyclical,Packaging & Containers,16507167744,24.663866,0.896,0.0172,8680500224,674000000
BKR,Energy,Oil & Gas Equipment & Services,42648567808,19.327353,1.363,0.0197,27299999744,2240000000
BLL,N/A,N/A,N/A,N/A,N/A,N/A,N/A,N/A
BAX,Healthcare,Medical Instruments & Supplies,18386814976,N/A,0.604,0.0321,14997000192,-157000000
BDX,Healthcare,Medical Instruments & Supplies,65644326912,45.513027,0.45,0.015800001,19828000768,1459000064
BBY,Consumer Cyclical,Specialty Retail,19348869120,15.56304,1.493,0.0421,42537000960,1260000000
BWA,Consumer Cyclical,Auto Parts,7667622400,8.678218,1.186,0.0126,14168999936,919000000
BXP,Real Estate,REIT - Office,14572020736,35.92174,1.195,0.0484,3610540032,363051008
BSX,Healthcare,Medical Devices,128046350336,71.80165,0.797,N/A,15911000064,1792999936
AVGO,Technology,Semiconductors,858499317760,148.23387,1.187,0.0117999995,46814998528,5487000064
BR,Technology,Information Technology Services,25853507584,38.332756,1.06,0.016,6498599936,687000000
BF-B,Consumer Defensive,Beverages - Wineries & Distilleries,19573161984,20.140097,0.759,0.0209,4091000064,988000000
CHRW,Industrials,Integrated Freight & Logistics,12755502080,37.3391,0.842,0.0233,17762187264,347356992
CDNS,Technology,Software - Application,82750636032,79.4,1.02,N/A,4353906176,1039172992
CPB,Consumer Defensive,Packaged Foods,13428433920,23.873016,0.181,0.032,9635999744,567000000
CAH,Healthcare,Medical Distribution,28610422784,22.734617,0.616,0.0175,224454000640,1280000000
KMX,Consumer Cyclical,Auto & Truck Dealerships,11842391040,28.736841,1.686,N/A,27679066112,417520000
CBRE,Real Estate,Real Estate Services,40409673728,42.73463,1.395,N/A,34313000960,958000000
CE,Basic Materials,Chemicals,9803166720,5.077533,1.304,0.030299999,10478999552,1099000064
CNC,Healthcare,Healthcare Plans,31564158976,10.797928,0.493,N/A,146204000256,3067000064
CNP,Utilities,Utilities - Regulated Electric,19141222400,19.58,0.917,0.028900001,8562999808,963000000
CF,Basic Materials,Agricultural Inputs,14729053184,13.41363,0.957,0.0241,5983000064,1164000000
CMG,Consumer Cyclical,Restaurants,79316361216,53.898144,1.266,N/A,10984862720,1484432000
CB,Financial Services,Insurance - Property & Casualty,112057204736,11.397704,0.681,0.012999999,54697000960,9996999680
CHD,Consumer Defensive,Household & Personal Products,25457743872,46.596413,0.55,0.011,6053100032,549800000
CI,Healthcare,Healthcare Plans,88867094528,30.254732,0.511,0.0178,229746999296,3039000064
CINF,Financial Services,Insurance - Property & Casualty,22997063680,7.5601234,0.666,0.0216,12154999808,3070000128
CTAS,Industrials,Specialty Business Services,88532197376,55.574684,1.313,0.0072000003,9755872256,1632518016
CFG,Financial Services,Banks - Regional,20285466624,18.05098,1.32,0.0348,7114999808,1164000000
CLX,Consumer Defensive,Household & Personal Products,20147834880,56.51736,0.399,0.03,7469000192,357000000
CME,Financial Services,Financial Data & Stock Exchanges,79955935232,23.348053,0.559,0.0208,6034299904,3422099968
CMS,Utilities,Utilities - Regulated Electric,19827372032,18.960001,0.407,0.0304,7475999744,1037000000
CMA,Financial Services,Banks - Regional,8970569728,17.0525,1.24,0.0404,3160999936,535000000
CAG,Consumer Defensive,Packaged Foods,13511598080,27.754902,0.332,0.0484,11941799936,494300000
ED,Utilities,Utilities - Regulated Electric,33777025024,18.947573,0.353,0.0335,14810999808,1783000064
STZ,Consumer Defensive,Beverages - Brewers,42360619008,74.76923,0.893,0.0176,10190799872,579500032
COO,Healthcare,Medical Instruments & Supplies,20578789376,57.40556,0.99,0.0002,3804100096,359300000
CPRT,Industrials,Specialty Business Services,53727424512,39.835716,1.271,N/A,4236823040,1363020032
GLW,Technology,Electronic Components,41286402048,253.78949,1.029,0.0232,12611000320,156000000
CCI,Real Estate,REIT - Specialty,45289459712,36.9539,0.875,0.060500003,6592999936,1228000000
CMI,Industrials,Specialty Industrial Machinery,48661200896,23.229862,0.971,0.020399999,34197999616,2096999936
DRI,Consumer Cyclical,Restaurants,19796400128,19.432526,1.309,0.0328,11416399872,1043299968
DVA,Healthcare,Medical Care Facilities,12333948928,16.203663,0.887,N/A,12666613760,827678016
DE,Industrials,Farm & Heavy Construction Machinery,112493379584,14.018412,0.935,0.0145000005,55955001344,8224000000
DAL,Industrials,Airlines,38994333696,8.381414,1.341,0.0095999995,60307001344,4650999808
DVN,Energy,Oil & Gas E&P,25599692800,7.201852,2.071,0.036199998,14529000448,3415000064
FANG,Energy,Oil & Gas E&P,53159202816,10.478361,1.875,0.045100003,9164000256,3201999872
DLR,Real Estate,REIT - Specialty,60342312960,145.09756,0.609,0.028099999,5374854144,400507008
DFS,Financial Services,Credit Services,43937599488,14.101531,1.402,0.0153,11685999616,3108999936
DG,Consumer Defensive,Discount Stores,17168764928,12.141524,0.449,0.0305,39676977152,1415565952
D,Utilities,Utilities - Regulated Electric,47569764352,20.896679,0.596,0.0468,14593000448,2278000128
DOV,Industrials,Specialty Industrial Machinery,27679856640,18.308529,1.218,0.010199999,8474512896,1532728064
DHI,Consumer Cyclical,Residential Construction,54472179712,11.723152,1.744,0.0095999995,36801400832,4756400128
DTE,Utilities,Utilities - Regulated Electric,24239099904,15.859078,0.683,0.0336,12414999552,1527000064
DXC,Technology,Information Technology Services,4082757376,52.511627,1.686,N/A,13457000448,81000000
EMN,Basic Materials,Specialty Chemicals,12001632256,13.879356,1.459,0.0313,9344000000,885000000
ETN,Industrials,Specialty Industrial Machinery,142493319168,38.316685,1.01,0.0105,24604999680,3768000000
ECL,Basic Materials,Specialty Chemicals,69739962368,34.591293,1.141,0.0093,15674600448,2044700032
EIX,Utilities,Utilities - Regulated Electric,31533367296,23.815788,0.935,0.038399998,17321000960,1322000000
EW,Healthcare,Medical Devices,39662014464,25.420849,1.12,N/A,6314899968,1567299968
ETR,Utilities,Utilities - Regulated Electric,31294992384,17.756691,0.701,0.032899998,11862153216,1756744960
EOG,Energy,Oil & Gas E&P,71905157120,9.765251,1.289,0.0286,24105000960,7496999936
EFX,Industrials,Consulting Services,33403824128,60.020046,1.594,0.0058999998,5588199936,562499968
EQIX,Real Estate,REIT - Specialty,87586201600,82.148415,0.701,0.0191,8401490944,1056177984
EQR,Real Estate,REIT - Residential,28076566528,30.291142,0.913,0.0378,2940828928,924934016
ESS,Real Estate,REIT - Residential,19749535744,34.68304,0.897,0.0334,1752440064,549459968
RE,N/A,N/A,N/A,N/A,N/A,N/A,N/A,N/A
EVRG,Utilities,Utilities - Regulated Electric,14121720832,19.190624,0.608,0.0421,5635700224,739299968
ES,Utilities,Utilities - Regulated Electric,22284568576,N/A,0.622,0.0471,11623559168,-549352000
EXPD,Industrials,Integrated Freight & Logistics,16795719680,23.389862,0.974,0.012200001,9923577856,732913984
EXR,Real Estate,REIT - Industrial,36202881024,43.770668,0.886,0.0402,3311250944,806888000
FFIV,Technology,Software - Infrastructure,14051776512,25.32775,1.05,N/A,2816120064,566777984
FRT,Real Estate,REIT - Retail,9726742528,33.03488,1.258,0.038900003,1185020032,284441984
FIS,Technology,Information Technology Services,46664523776,89.360825,1.074,0.0167,10030999552,544000000
FITB,Financial Services,Banks - Regional,30798039040,15.31,1.231,0.031600002,8063000064,2066000000
FRC,N/A,N/A,N/A,N/A,N/A,N/A,N/A,N/A
FE,Utilities,Utilities - Regulated Electric,23761549312,26.6,0.495,0.040900003,13256999936,892000000
FLT,N/A,N/A,N/A,N/A,N/A,N/A,N/A,N/A
FMC,Basic Materials,Agricultural Inputs,7595022336,4.9909763,0.853,0.0381,4167899904,1525600000
FTNT,Technology,Software - Infrastructure,64007503872,49.51479,0.995,N/A,5537299968,1312899968
FTV,Technology,Scientific & Technical Instruments,25677694976,29.604,1.174,0.0043,6195200000,889299968
FBHS,N/A,N/A,N/A,N/A,N/A,N/A,N/A,N/A
FOXA,Communication Services,Entertainment,19687407616,10.92176,0.77,0.0119,14337000448,1920999936
BEN,Financial Services,Asset Management,11147444224,25.04706,1.402,0.057600003,8478000128,464800000
FCX,Basic Materials,Copper,69802663936,35.2029,1.91,0.0128,25639999488,1996999936
GRMN,Technology,Scientific & Technical Instruments,40390537216,26.760813,0.983,0.0143,5956843008,1517830016
IT,Technology,Information Technology Services,41710374912,39.96674,1.322,N/A,6138409984,1063772992
GIS,Consumer Defensive,Packaged Foods,36052025344,15.461906,0.107,0.0364,19800600576,2403000064
GPC,Consumer Cyclical,Auto Parts,17106989056,15.876129,0.933,0.0324,23302279168,1087895040
GPN,Industrials,Specialty Business Services,28483080192,21.11698,0.979,0.0087,10024320000,1364488960
GWW,Industrials,Industrial Distribution,57902100480,32.203415,1.151,0.0069,16931999744,1828999936
HAL,Energy,Oil & Gas Equipment & Services,26087596032,9.817276,1.905,0.0223,23179999232,2692000000
HIG,Financial Services,Insurance - Property & Casualty,33392545792,11.565261,0.936,0.0178,26083999744,3008000000
HAS,Consumer Cyclical,Leisure,8947593216,N/A,0.619,0.044099998,4322800128,-641200000
HCA,Healthcare,Medical Care Facilities,90181328896,15.972632,1.689,0.0076,69620998144,5928999936
PEAK,N/A,N/A,N/A,N/A,N/A,N/A,N/A,N/A
HSY,Consumer Defensive,Confectioners,34965483520,19.120577,0.374,0.031,11014327296,1845965952
HES,Energy,Oil & Gas E&P,43983417344,16.656944,1.16,0.0139999995,12471000064,2640000000
HPE,Technology,Communication Equipment,27843483648,15.205674,1.206,0.024400001,29020000256,1855000064
HLT,Consumer Cyclical,Lodging,60025950208,52.61325,1.307,0.0023999999,4695000064,1176999936
HOLX,Healthcare,Medical Instruments & Supplies,18416846848,23.88253,0.986,N/A,3987599872,701500032
HRL,Consumer Defensive,Packaged Foods,16598979584,21.167833,0.254,0.0368,11980785664,780777024
HST,Real Estate,REIT - Hotel & Motel,25733519360,16.981133,N/A,0.044499997,5584999936,721000000
HPQ,Technology,Computer Hardware,35973656576,13.101755,1.087,0.0299,53320998912,2843000064
HUM,Healthcare,Healthcare Plans,34649468928,25.13188,0.52,0.0123000005,115010002944,1359000064
HBAN,Financial Services,Banks - Regional,25249837056,16.873787,1.057,0.0354,6689999872,1518000000
HII,Industrials,Aerospace & Defense,7740558336,11.176271,0.548,0.026600001,11708000256,701000000
IDXX,Healthcare,Diagnostics & Research,35456077824,41.755062,1.357,N/A,3844816896,866238976
ITW,Industrials,Specialty Industrial Machinery,80590323712,23.649048,1.109,0.0218,15948999680,3455000064
ICE,Financial Services,Financial Data & Stock Exchanges,89634775040,37.08076,1.092,0.0116,9157000192,2428999936
IFF,Basic Materials,Specialty Chemicals,23256834048,N/A,1.238,0.0183,11416000512,-2320000000
IP,Consumer Cyclical,Packaging & Containers,20292102144,49.92308,0.988,0.031400003,18639998976,420000000
IPG,Communication Services,Advertising Agencies,11201345536,14.183963,1.09,0.0434,9338900480,808200000
IVZ,Financial Services,Asset Management,8215763456,N/A,1.424,0.044099998,5887399936,-413600000
IQV,Healthcare,Diagnostics & Research,39508918272,28.604465,1.513,N/A,15315000320,1404999936
IRM,Real Estate,REIT - Specialty,34296844288,334.05713,1.023,0.025,5988459008,104706000
JBHT,Industrials,Integrated Freight & Logistics,19007463424,34.336975,1.141,0.0089,12244555776,568966976
JKHY,Technology,Information Technology Services,13122945024,32.90128,0.636,0.012200001,2245157120,399328000
JEC,N/A,N/A,N/A,N/A,N/A,N/A,N/A,N/A
SJM,Consumer Defensive,Packaged Foods,12264355840,16.279661,0.246,0.0374,8498599936,745299968
JCI,Industrials,Building Products & Equipment,54717030400,39.37981,1.306,0.0182,22951999488,1407000064
JNPR,Technology,Communication Equipment,12912471040,51.31579,0.921,0.0226,5034299904,250200000
K,Consumer Defensive,Packaged Foods,27803340800,26.97659,0.395,0.028199999,12798999552,1033000000
KEYS,Technology,Scientific & Technical Instruments,28665833472,31.765385,0.981,N/A,5002999808,913000000
KMB,Consumer Defensive,Household & Personal Products,44103389184,17.153048,0.412,0.037100002,20099999744,2607000064
KIM,Real Estate,REIT - Retail,16622837760,45.666664,1.485,0.041100003,1963219968,354140992
KLAC,Technology,Semiconductor Equipment & Materials,91779424256,31.345366,1.29,0.0087,10256832512,2966372096
KR,Consumer Defensive,Grocery Stores,42909958144,15.526178,0.471,0.0214,150202007552,2774000128
LH,Healthcare,Diagnostics & Research,19993974784,45.36053,1.036,0.0123000005,12712800256,435500000
LW,Consumer Defensive,Packaged Foods,11450619904,18.849766,0.715,0.018,6456399872,618099968
EL,Consumer Defensive,Household & Personal Products,23803828224,118.41071,1.044,0.0221,15450999808,203000000
LEN,Consumer Cyclical,Residential Construction,46134829056,11.389369,1.619,0.0119,36462747648,4153762048
LNC,Financial Services,Insurance - Life,6006294016,24.657343,1.783,0.048899997,13544999936,262000000
LKQ,Consumer Cyclical,Auto Parts,9977265152,14.162362,1.286,0.0315,14499000320,718000000
L,Financial Services,Insurance - Property & Casualty,17776640000,10.914894,0.818,0.003,17222000640,1672999936
LYB,Basic Materials,Specialty Chemicals,28361029632,13.251897,1.091,0.062,40733999104,2148000000
MTB,Financial Services,Banks - Regional,34529816576,15.404145,0.732,0.0249,8498999808,2260999936
MRO,Energy,Oil & Gas E&P,15970383872,12.306034,N/A,0.0153,6661000192,1330000000
MPC,Energy,Oil & Gas Refining & Marketing,49493905408,11.947246,1.371,0.0234,142670004224,4520999936
MMC,Financial Services,Insurance Brokers,109608599552,27.553083,0.937,0.0146,23945000960,4028000000
MLM,Basic Materials,Building Materials,37719646208,19.15456,0.897,0.0050999997,6513200128,1988800000
MAS,Industrials,Building Products & Equipment,17311698944,21.340425,1.25,0.0145000005,7881999872,831000000
MKC,Consumer Defensive,Packaged Foods,20482707456,25.965984,0.764,0.0219,6678499840,792600000
MCK,Healthcare,Medical Distribution,78780071936,27.169498,N/A,0.0052,330187014144,2536000000
MTD,Healthcare,Diagnostics & Research,29951326208,38.831364,1.159,N/A,3750152960,785747968
MGM,Consumer Cyclical,Resorts & Casinos,11215864832,13.501792,2.241,N/A,17221656576,903352000
MAA,Real Estate,REIT - Residential,18555994112,34.84009,0.874,0.0383,2183429888,517459008
MHK,Consumer Cyclical,"Furnishings, Fixtures & Appliances",9157007360,16.37359,1.389,N/A,10812014592,563984000
MCO,Financial Services,Financial Data & Stock Exchanges,84375724032,42.595608,1.289,0.0074,6896000000,2003000064
MOS,Basic Materials,Agricultural Inputs,9030201344,37.786667,1.36,0.0304,12193800192,244800000
MSI,Technology,Communication Equipment,78406926336,55.029274,0.979,0.0084,10421000192,1464000000
MSCI,Financial Services,Financial Data & Stock Exchanges,45115219968,37.797768,1.11,0.0111,2802725120,1206993024
NDAQ,Financial Services,Financial Data & Stock Exchanges,44934582272,47.096386,0.96,0.0124,7016999936,959000000
NWL,Consumer Defensive,Household & Personal Products,3789759744,N/A,0.88,0.0317,7709000192,-248000000
NEM,Basic Materials,Gold,51412402176,N/A,0.531,0.0225,16986999808,-1292999936
NWSA,Communication Services,Entertainment,16974618624,63.391304,1.351,0.0069,10085000192,266000000
NI,Utilities,Utilities - Regulated Gas,16337265664,21.341463,0.507,0.0301,5289299968,740800000
NTRS,Financial Services,Asset Management,20862443520,13.107099,1.073,0.028099999,7857600000,1631900032
NCLH,Consumer Cyclical,Travel Services,11893939200,23.72807,2.682,N/A,9356740608,549235968
NRG,Utilities,Utilities - Independent Power Producers,19895031808,10.570176,1.088,0.0176,28841000960,2007000064
NUE,Basic Materials,Steel,38251765760,15.526975,1.567,0.0128999995,31362945024,2508421120
OMC,Communication Services,Advertising Agencies,20437942272,14.311476,0.968,0.026700001,15427800064,1458300032
OKE,Energy,Oil & Gas Midstream,60836921344,22.06356,1.625,0.0387,19932999680,2799000064
PKG,Consumer Cyclical,Packaging & Containers,21508128768,27.91142,0.777,0.0207,8175099904,767699968
PH,Industrials,Specialty Industrial Machinery,88787197952,31.056734,1.432,0.0092,19986102272,2891808000
PNR,Industrials,Specialty Industrial Machinery,17008880640,25.735,1.189,0.0089,4094500096,667299968
PKI,N/A,N/A,N/A,N/A,N/A,N/A,N/A,N/A
PSX,Energy,Oil & Gas Refining & Marketing,52317446144,16.1788,1.319,0.036,147738001408,3358000128
PNW,Utilities,Utilities - Regulated Electric,10144314368,16.770676,N/A,0.0397,5021081088,615609984
PXD,N/A,N/A,N/A,N/A,N/A,N/A,N/A,N/A
PNC,Financial Services,Banks - Regional,80630276096,17.177515,1.121,0.0312,20483999744,4730999808
PPG,Basic Materials,Specialty Chemicals,29227360256,19.965136,1.254,0.0212,18030000128,1486000000
PPL,Utilities,Utilities - Regulated Electric,23865950208,29.135136,0.834,0.031600002,8281999872,822000000
PGR,Financial Services,Insurance - Property & Casualty,149540225024,18.538126,0.366,0.0015,71959396352,8083899904
PLD,Real Estate,REIT - Industrial,105778446336,34.50453,1.094,0.033800002,8239209984,3077850880
PRU,Financial Services,Insurance - Life,44092731392,11.031167,1.282,0.040700004,72965996544,4056000000
PEG,Utilities,Utilities - Regulated Electric,41965494272,20.695332,0.626,0.0286,10430000128,2032000000
PSA,Real Estate,REIT - Industrial,58334060544,34.592937,0.69,0.0369,4698625024,1697944064
PHM,Consumer Cyclical,Residential Construction,26898554880,9.679705,1.641,0.0062,17318807552,2878568960
QRVO,Technology,Semiconductors,6811594240,N/A,1.487,N/A,3948028928,-141224000
PWR,Industrials,Engineering & Construction,47362785280,59.308685,1.009,0.0011999999,22903320576,810611968
DGX,Healthcare,Diagnostics & Research,17434263552,21.02288,0.891,0.019299999,9539000320,838000000
RL,Consumer Cyclical,Apparel Manufacturing,13731964928,21.399614,1.504,0.0159,6647099904,682800000
RJF,Financial Services,Asset Management,31802218496,16.126804,1.002,0.0112,12775999488,2059000064
O,Real Estate,REIT - Retail,49344397312,53.69524,0.996,0.0555,5014703104,866686016
RF,Financial Services,Banks - Regional,23094233088,14.355932,1.182,0.038,6556000256,1632999936
RSG,Industrials,Waste Management,65160667136,33.2928,0.707,0.0112,15817600000,1970599936
RMD,Healthcare,Medical Instruments & Supplies,36484677632,32.962864,0.687,0.0086,4807484928,1112883968
RHI,Industrials,Staffing & Employment Services,7826122752,27.563637,1.224,0.0278,5886356992,284612000
ROK,Industrials,Specialty Industrial Machinery,31440570368,31.523321,1.359,0.0178,8791600128,1011800000
ROL,Consumer Cyclical,Personal Services,23750318080,50.5567,0.701,0.0136,3310625024,469507008
ROP,Technology,Software - Application,61362868224,42.23321,1.029,0.0053,6775600128,1464499968
RCL,Consumer Cyclical,Travel Services,59292319744,22.118355,2.6,0.0070999996,16055000064,2601999872
SPGI,Financial Services,Financial Data & Stock Exchanges,154250133504,43.91343,1.183,0.0074,13767999488,3551000064
CRM,Technology,Software - Application,297105686528,54.14286,1.288,0.0052,36465000448,5632000000
SBAC,Real Estate,REIT - Specialty,23824947200,34.949528,0.672,0.0179,2660957952,685433984
SCHW,Financial Services,Capital Markets,133852807168,28.582031,0.952,0.013200001,18736001024,4687000064
SEE,Consumer Cyclical,Packaging & Containers,5181588480,14.228,1.347,0.0216,5433999872,363700000
SRE,Utilities,Utilities - Diversified,56853893120,19.770926,0.759,0.028099999,12917999616,2888000000
SHW,Basic Materials,Specialty Chemicals,96711548928,38.208954,1.175,0.0075,23053500416,2557499904
SNA,Industrials,Tools & Accessories,18541938688,18.155783,0.954,0.021,5103000064,1041100032
LUV,Industrials,Airlines,18747779072,N/A,1.153,0.0229,27376001024,-48000000
SWK,Industrials,Tools & Accessories,14164587520,N/A,1.255,0.0356,15381699584,-184700000
STT,Financial Services,Asset Management,27884525568,14.909091,1.48,0.031400003,12547999744,1927000064
SYK,Healthcare,Medical Devices,140985106432,39.59636,0.92,0.0087,21973999616,3590000128
SIVB,N/A,N/A,N/A,N/A,N/A,N/A,N/A,N/A
SYF,Financial Services,Credit Services,25167196160,8.394805,1.593,0.0148,9006999552,3103000064
SNPS,Technology,Software - Infrastructure,88111456256,59.255165,1.076,N/A,6483438080,1511323008
SYY,Consumer Defensive,Food Distribution,37760544768,19.760925,1.2,0.026500002,79707996160,1942000000
TROW,Financial Services,Asset Management,26672410624,13.150054,1.423,0.040900003,6911099904,2041900032
TTWO,Communication Services,Electronic Gaming & Multimedia,31405455360,N/A,N/A,N/A,5456999936,-3622099968
TPR,Consumer Cyclical,Luxury Goods,11999859712,14.728571,1.556,0.028099999,6671200256,816000000
TEL,Technology,Electronic Components,46547275776,15.00967,1.328,0.0168,15845000192,3193999872
TFX,Healthcare,Medical Instruments & Supplies,9197245440,39.21386,1.177,0.0067000003,3025824000,238007008
TMO,Healthcare,Diagnostics & Research,212627931136,34.85204,0.792,0.0028,42369998848,6135000064
TJX,Consumer Cyclical,Apparel Retail,131791601664,28.292976,0.893,0.012999999,55623000064,4762999808
TSN,Consumer Defensive,Farm Products,20890779648,N/A,0.775,0.033099998,53091999744,-7000000
UDR,Real Estate,REIT - Residential,16356236288,114.57895,0.847,0.039300002,1677719040,122755000
UAL,Industrials,Airlines,28095877120,10.18236,1.393,N/A,55993999360,2764000000
URI,Industrials,Rental & Leasing Services,56594726912,22.570793,1.682,0.0074,14977999872,2564999936
UHS,Healthcare,Medical Care Facilities,13903697920,13.875499,1.297,0.0039,15417758720,1025961984
VFC,Consumer Cyclical,Apparel Manufacturing,8420969984,N/A,1.545,0.0173,10093489152,-403783008
VLO,Energy,Oil & Gas Refining & Marketing,43090382848,11.970977,1.374,0.0309,128730996736,3680999936
VTR,Real Estate,REIT - Healthcare Facilities,27027429376,N/A,1.39,0.028499998,4797114880,-66501000
VRSN,Technology,Software - Infrastructure,17870755840,21.67366,0.911,N/A,1542400000,858899968
VNO,Real Estate,REIT - Office,9297117184,N/A,1.621,N/A,1871179008,-53941000
VMC,Basic Materials,Building Materials,38375604224,45.475742,0.805,0.0063,7398300160,852800000
WAB,Industrials,Railroads,34157981696,33.175293,1.272,0.004,10330000384,1059000000
WM,Industrials,Waste Management,88477122560,33.65496,0.747,0.0137,21386999808,2640999936
WAT,Healthcare,Diagnostics & Research,22926338048,36.843513,0.973,N/A,2905146880,622641024
WEC,Utilities,Utilities - Regulated Electric,30158026752,23.308067,0.438,0.0348,8533199872,1292199936
WELL,Real Estate,REIT - Healthcare Facilities,85258715136,87.76923,1.194,0.02,7555548160,915619968
WRK,N/A,N/A,N/A,N/A,N/A,N/A,N/A,N/A
WY,Real Estate,REIT - Specialty,23061712896,43.47945,1.428,0.0255,7190000128,534000000
WHR,Consumer Cyclical,"Furnishings, Fixtures & Appliances",5994236928,10.699803,1.424,0.0648,17558999040,560000000
WMB,Energy,Oil & Gas Midstream,67577479168,23.896551,N/A,0.0343,10232999936,2884999936
WLTW,N/A,N/A,N/A,N/A,N/A,N/A,N/A,N/A
WYNN,Consumer Cyclical,Resorts & Casinos,9572573184,10.464585,1.802,0.0117,7129624064,953262016
XYL,Industrials,Specialty Industrial Machinery,30042578944,35.534485,1.05,0.0116,8424000000,830000000
YUM,Consumer Cyclical,Restaurants,38376800256,25.618692,1.095,0.0199,7223000064,1526000000
ZBH,Healthcare,Medical Devices,21637353472,20.742369,1.021,0.0087,7595500032,1083500032
ZION,Financial Services,Banks - Regional,8500077568,13.86747,1.06,0.028499998,3009999872,649000000
ZTS,Healthcare,Drug Manufacturers - Specialty & Generic,78615502848,32.753757,0.896,0.0101,9152000000,2430000128
ASML,Technology,Semiconductor Equipment & Materials,268842221568,35.17974,1.104,0.010199999,26237100032,6926300160
CTVA,Basic Materials,Agricultural Inputs,40593362944,46.539684,N/A,0.011,16636999680,670000000
LNT,Utilities,Utilities - Regulated Electric,14431128576,21.88327,0.574,0.0337,3966000128,661000000
AMCR,Consumer Cyclical,Packaging & Containers,14756921344,19.264153,0.863,0.05,13550000128,766000000
BIO,Healthcare,Medical Devices,10245945344,N/A,0.936,N/A,2580208896,-778689984
CARR,Industrials,Building Products & Equipment,67408662528,44.194115,1.212,0.0101,24800999424,1535000064
CTLT,Healthcare,Drug Manufacturers - Specialty & Generic,10876198912,N/A,1.158,N/A,4422000128,-413000000
CBOE,Financial Services,Financial Data & Stock Exchanges,20912074752,27.17823,0.666,0.0125,3955599872,776200000
CDW,Technology,Information Technology Services,27039264768,24.83476,1.053,0.0123000005,20831199232,1109699968
DXCM,Healthcare,Medical Devices,26915903488,41.763638,1.173,N/A,3953999872,680800000
DPZ,Consumer Cyclical,Restaurants,15485530112,27.579336,0.859,0.0137,4665474048,572017984
DOW,Basic Materials,Chemicals,34234501120,32.600002,1.222,0.0579,43179999232,1052000000
ETSY,Consumer Cyclical,Internet Retail,6008197632,27.25,1.992,N/A,2798491904,256640992
GD,Industrials,Aerospace & Defense,84140515328,23.340961,0.614,0.0184,46045999104,3639000064
HWM,Industrials,Aerospace & Defense,45266538496,43.960476,1.293,0.0028,7270000128,1075000064
IEX,Industrials,Specialty Industrial Machinery,17333061632,35.433434,0.952,0.0117,3194800128,490400000
KEY,Financial Services,Banks - Regional,18992982016,Infinity,1.231,0.041100003,4851999744,3000000
LHX,Industrials,Aerospace & Defense,48329302016,40.254345,0.726,0.018099999,21141999616,1207000064
LVS,Consumer Cyclical,Resorts & Casinos,37309837312,25.475246,1.117,0.015800001,11317000192,1504000000
LDOS,Technology,Information Technology Services,25703198720,21.889772,0.688,0.0082,16277000192,1199000064
LYV,Communication Services,Entertainment,28921403392,113.27272,1.334,N/A,23813904384,255684992
LMT,Industrials,Aerospace & Defense,130805407744,19.958048,0.481,0.0239,71295000576,6674999808
LUMN,Communication Services,Telecom Services,9326103552,N/A,1.201,N/A,13296000000,-2135000064
MKTX,Financial Services,Capital Markets,10359526400,37.132614,1.053,0.0108,811940992,278668992
TAP,Consumer Defensive,Beverages - Brewers,11761944576,10.409175,0.827,0.0311,11937899520,1168800000
NOC,Industrials,Aerospace & Defense,75845910528,32.094948,0.346,0.015800001,40985001984,2375000064
NVR,Consumer Cyclical,Residential Construction,28252743680,18.870829,1.201,N/A,10281399296,1634571008
ODFL,Industrials,Trucking,47768944640,39.03853,0.989,0.0045,5924531200,1245744000
OTIS,Industrials,Specialty Industrial Machinery,40321593344,25.109453,0.942,0.0155,14206000128,1631000064
PAYC,Technology,Software - Application,13100229632,27.306492,1.139,0.0064999997,1823922048,470192000
PEP,Consumer Defensive,Beverages - Non-Alcoholic,225006354432,24.153166,0.542,0.032899998,91919998976,9356999680
POOL,Industrials,Industrial Distribution,14129246208,31.896906,1.008,0.0128999995,5326523904,446124000
PFG,Financial Services,Asset Management,19670435840,N/A,1.203,0.0339,14066499584,-206100000
REG,Real Estate,REIT - Retail,13488809984,34.84434,1.218,0.0368,1489812992,390032992
NOW,Technology,Software - Application,209469521920,157.1641,0.986,N/A,10464000000,1336000000
TDY,Technology,Scientific & Technical Instruments,22260054016,24.173077,1.007,N/A,5592699904,943800000
TER,Technology,Semiconductor Equipment & Materials,18181801984,35.55414,1.515,0.0044,2737594880,513172992
TXT,Industrials,Aerospace & Defense,16300940288,19.227571,1.244,0.00090000004,13980999680,883000000
TT,Industrials,Building Products & Equipment,89091506176,36.35629,1.221,0.0086,19388299264,2498200064
TDG,Industrials,Aerospace & Defense,74593935360,49.05498,1.423,N/A,7606000128,1560000000
TFC,Financial Services,Banks - Regional,61331423232,N/A,1.035,0.044299997,14497000448,-6479000064
TYL,Technology,Software - Application,26336116736,112.08561,0.771,N/A,2077606016,236708000
VTRS,Healthcare,Drug Manufacturers - Specialty & Generic,15731516416,N/A,0.929,0.041300002,15239199744,-646499968
WRB,Financial Services,Insurance - Property & Casualty,22719332352,15.287179,0.621,0.0050999997,13192565760,1577352960
WST,Healthcare,Medical Instruments & Supplies,23422853120,47.914078,1.003,0.0026,2876400128,499600000
XEL,Utilities,Utilities - Regulated Electric,38014816256,19.643917,0.398,0.032899998,13763000320,1880999936
ZBRA,Technology,Communication Equipment,20486543360,53.891453,1.645,N/A,4656000000,382000000
TEAM,Technology,Software - Application,60930904064,N/A,0.711,N/A,4568608768,-392404992
DOCU,Technology,Software - Application,15521344512,16.201273,0.898,N/A,2858473984,988017024
KDP,Consumer Defensive,Beverages - Non-Alcoholic,44654333952,19.831326,0.634,0.0279,15148000256,2278000128
LULU,Consumer Cyclical,Apparel Retail,38711586816,24.385149,1.237,N/A,9989289984,1632525056
MRVL,Technology,Semiconductors,81370832896,N/A,1.436,0.0026,5278900224,-965900032
MTCH,Communication Services,Internet Content & Information,8023113728,13.526088,N/A,N/A,3485424896,622638016
MELI,Consumer Cyclical,Internet Retail,89939722240,64.39383,N/A,N/A,18492999680,1436999936
MRNA,Healthcare,Biotechnology,19327430656,N/A,1.69,N/A,5049999872,-5866999808
OKTA,Technology,Software - Infrastructure,13109949440,N/A,1.013,N/A,2452000000,-136000000
PDD,Consumer Cyclical,Internet Retail,174804484096,13.305497,0.705,N/A,341592997888,98824609792
SGEN,N/A,N/A,N/A,N/A,N/A,N/A,N/A,N/A
SPLK,N/A,N/A,N/A,N/A,N/A,N/A,N/A,N/A
WDAY,Technology,Software - Application,68364701696,44.556133,1.352,N/A,7863000064,1540999936
ZM,Technology,Software - Application,24681601024,28.639288,-0.055,N/A,4586937856,875366976
CZR,Consumer Cyclical,Resorts & Casinos,8735052800,N/A,2.962,N/A,11271000064,-361000000
CRL,Healthcare,Diagnostics & Research,10753431552,26.253431,1.376,N/A,4060915968,413080000
ENPH,Technology,Solar,9672309760,155.63042,1.767,N/A,1250240000,61417000
GNRC,Industrials,Specialty Industrial Machinery,11108741120,38.81705,1.367,N/A,4124702976,292369984
MPWR,Technology,Semiconductors,37814743040,87.39685,1.148,0.0064,2039447040,434241984
PTC,Technology,Software - Application,22831656960,60.71885,N/A,N/A,2298471936,376332992
TRMB,Technology,Scientific & Technical Instruments,17617164288,12.063545,1.489,N/A,3632300032,1477200000
OGN,Healthcare,Drug Manufacturers - General,4151528960,3.1920793,0.796,0.0709,6408999936,1300999936
BBWI,Consumer Cyclical,Specialty Retail,6956806144,7.7063107,1.776,0.0252,7384000000,937000000
CRWD,Technology,Software - Infrastructure,81082777600,472.54288,1.102,N/A,3516257024,170196992
TECH,Healthcare,Biotechnology,12142526464,80.44211,1.278,0.0042,1171582976,150680992
BRO,Financial Services,Insurance Brokers,31555467264,30.06812,0.825,0.0054,4558700032,1038200000
CDAY,N/A,N/A,N/A,N/A,N/A,N/A,N/A,N/A
IR,Industrials,Specialty Industrial Machinery,41723830272,50.50244,1.422,0.0008,7157799936,838600000
CTRA,Energy,Oil & Gas E&P,17980723200,14.79394,0.197,0.0342,5498999808,1236999936
GL,Financial Services,Insurance - Life,9754430464,9.203389,0.807,0.0086,5727482880,1090368000
NSC,Industrials,Railroads,61245427712,25.394934,1.302,0.0195,12172000256,2412999936
ABNB,Consumer Cyclical,Travel Services,93200171008,20.023096,1.156,N/A,10504999936,4844000256
DDOG,Technology,Software - Application,43758956544,276.14893,1.095,N/A,2393716992,163078000
PANW,Technology,Software - Infrastructure,126646140928,53.15934,1.118,N/A,8027500032,2577600000
ZS,Technology,Software - Infrastructure,29996308480,N/A,0.814,N/A,2167770880,-57706000
CPT,Real Estate,REIT - Residential,12651299840,37.41009,0.92,0.035099998,1556548992,344383008
EPAM,Technology,Information Technology Services,13261392896,33.417503,1.457,N/A,4621454848,409646016
FDS,Financial Services,Financial Data & Stock Exchanges,18002132992,34.043102,0.752,0.0087,2203056128,537126016
MOH,Healthcare,Healthcare Plans,19315867648,17.167768,0.586,N/A,37544001536,1144000000
NDSN,Industrials,Specialty Industrial Machinery,14899783680,31.77683,0.907,0.0117999995,2664752128,472894016
PARA,Communication Services,Entertainment,8127647232,N/A,1.767,0.0176,29269000192,-5768000000
SBNY,Financial Services,Banks - Regional,66437568,0.05081888,9.391,N/A,2617601024,1299648000
SEDG,Technology,Solar,852615104,N/A,N/A,N/A,1046750976,-1655832960
WBD,Communication Services,Entertainment,22974394368,N/A,1.483,N/A,39934001152,-11772999680
ADTN,Technology,Communication Equipment,598201600,N/A,1.2,0.0677,949974016,-562923008
CSGP,Real Estate,Real Estate Services,31279949824,181.66669,0.823,N/A,2666899968,175400000
ELV,Healthcare,Healthcare Plans,99573825536,15.6408,0.853,0.0152,174015004672,6417999872
EQT,Energy,Oil & Gas E&P,24279072768,54.25333,1.069,0.015700001,4623048192,314236992
INVH,Real Estate,REIT - Residential,20399779840,46.249996,1.014,0.0336,2554563072,439591008
ON,Technology,Semiconductors,30678675456,17.878412,1.654,N/A,7377900032,1755600000
PCG,Utilities,Utilities - Regulated Electric,53245472768,17.40171,1.035,0.002,24775999488,2519000064
TRGP,Energy,Oil & Gas Midstream,40950050816,33.958405,2.237,0.0161,16215700480,1231299968
VICI,Real Estate,REIT - Diversified,32605478912,11.455556,0.961,0.0556,3805018112,2811984896
ACGL,Financial Services,Insurance - Diversified,37544759296,6.697987,0.613,N/A,16867000320,5671000064
META,Communication Services,Internet Content & Information,1493740814336,27.94993,1.215,0.0034999999,156226994176,55538999296
GEN,Technology,Software - Infrastructure,18208856064,29.848484,1.054,0.0172,3863000064,624000000
LCID,Consumer Cyclical,Auto Manufacturers,6684841984,N/A,1.122,N/A,668286016,-2759671040
